Workbook

Sheet pypsa
A1: tech | B1: 1960 | C1: 1961 | D1: 1962 | E1: 1963 | F1: 1964 | G1: 1965 | H1: 1966 | I1: 1967 | J1: 1968 | K1: 1969 | L1: 1970 | M1: 1971 | N1: 1972 | O1: 1973 | P1: 1974 | Q1: 1975 | R1: 1976 | S1: 1977 | T1: 1978 | U1: 1979 | V1: 1980 | W1: 1981 | X1: 1982 | Y1: 1983 | Z1: 1984 | AA1: 1985 | AB1: 1986 | AC1: 1987 | AD1: 1988 | AE1: 1989 | AF1: 1990 | AG1: 1991 | AH1: 1992 | AI1: 1993 | AJ1: 1994 | AK1: 1995 | AL1: 1996 | AM1: 1997 | AN1: 1998 | AO1: 1999 | AP1: 2000 | AQ1: 2001 | AR1: 2002 | AS1: 2003 | AT1: 2004 | AU1: 2005 | AV1: 2006 | AW1: 2007 | AX1: 2008 | AY1: 2009 | AZ1: 2010 | BA1: 2011 | BB1: 2012 | BC1: 2013 | BD1: 2014 | BE1: 2015 | BF1: 2016 | BG1: 2017 | BH1: 2018 | BI1: 2019 | BJ1: 2020 | BK1: 2021
A2: CCGT | B2: 0 | C2: 0 | D2: 0.8 | E2: 0 | F2: 0 | G2: 0 | H2: 0 | I2: 0 | J2: 0.3 | K2: 0.2 | L2: 0 | M2: 0.9 | N2: 0 | O2: 0.5 | P2: 0 | Q2: 0.5 | R2: 0.8 | S2: 0 | T2: 0 | U2: 0 | V2: 0 | W2: 0 | X2: 0 | Y2: 0.8 | Z2: 0 | AA2: 0 | AB2: 0 | AC2: 0 | AD2: 0.5 | AE2: 0 | AF2: 0 | AG2: 0 | AH2: 0 | AI2: 0 | AJ2: 0 | AK2: 0 | AL2: 0 | AM2: 0.7 | AN2: 0 | AO2: 0 | AP2: 0 | AQ2: 1 | AR2: 0 | AS2: 0 | AT2: 0 | AU2: 0.4 | AV2: 0 | AW2: 0.6 | AX2: 0 | AY2: 0 | AZ2: 0 | BA2: 0.7 | BB2: 0.4 | BC2: 0 | BD2: 0 | BE2: 0.3 | BF2: 0 | BG2: 0.1 | BH2: 0 | BI2: 0 | BJ2: 0 | BK2: 0.3
A3: OCGT | B3: 34.7 | C3: 24.9 | D3: 50.4 | E3: 25.6 | F3: 19.9 | G3: 34 | H3: 50.9 | I3: 44.3 | J3: 58 | K3: 58.3 | L3: 37.2 | M3: 24.3 | N3: 33.2 | O3: 23.5 | P3: 67.3 | Q3: 58.4 | R3: 24.9 | S3: 36.6 | T3: 44 | U3: 30 | V3: 33.5 | W3: 29.3 | X3: 40.7 | Y3: 40.9 | Z3: 45.5 | AA3: 17.8 | AB3: 39 | AC3: 31.2 | AD3: 84.9 | AE3: 20 | AF3: 40 | AG3: 11.3 | AH3: 10 | AI3: 35.7 | AJ3: 26.1 | AK3: 34 | AL3: 44 | AM3: 8.2 | AN3: 38.7 | AO3: 47.3 | AP3: 47.4 | AQ3: 49.4 | AR3: 15.4 | AS3: 47.6 | AT3: 31.1 | AU3: 24.2 | AV3: 25.4 | AW3: 55.4 | AX3: 37.8 | AY3: 24.8 | AZ3: 9.5 | BA3: 23.6 | BB3: 17.3 | BC3: 25.7 | BD3: 47.6 | BE3: 72.5 | BF3: 41.8 | BG3: 19.5 | BH3: 31.1 | BI3: 66.7 | BJ3: 25.8 | BK3: 24.2
A4: nuclear | B4: 16.9 | C4: 4.2 | D4: 13.5 | E4: 31.9 | F4: 27.2 | G4: 9.1 | H4: 19.8 | I4: 1.9 | J4: 36.5 | K4: 19.5 | L4: 13.3 | M4: 17.3 | N4: 63.9 | O4: 16.4 | P4: 4.8 | Q4: 17.1 | R4: 15.7 | S4: 13.7 | T4: 14.8 | U4: 9.2 | V4: 9.3 | W4: 4.5 | X4: 13.3 | Y4: 0.2 | Z4: 21.3 | AA4: 14.8 | AB4: 2.8 | AC4: 20.1 | AD4: 4.8 | AE4: 5.8 | AF4: 4.2 | AG4: 8.5 | AH4: 3.2 | AI4: 0.4 | AJ4: 5.8 | AK4: 9.1 | AL4: 28.8 | AM4: 19.7 | AN4: 1.1 | AO4: 1.7 | AP4: 2.4 | AQ4: 9.9 | AR4: 13.3 | AS4: 1 | AT4: 8.1 | AU4: 2.1 | AV4: 4.1 | AW4: 6.4 | AX4: 3.1 | AY4: 17.1 | AZ4: 18.8 | BA4: 3.7 | BB4: 1.7 | BC4: 15.3 | BD4: 20.4 | BE4: 7.3 | BF4: 19.7 | BG4: 2.3 | BH4: 9.9 | BI4: 0.8 | BJ4: 6.5 | BK4: 19.6
A5: offwind-ac | B5: 25.1 | C5: 16.3 | D5: 16.3 | E5: 14 | F5: 16.3 | G5: 11.4 | H5: 21.5 | I5: 13.3 | J5: 16.5 | K5: 27.7 | L5: 35.6 | M5: 16.1 | N5: 11.6 | O5: 11.4 | P5: 16.3 | Q5: 16.3 | R5: 11.4 | S5: 11.4 | T5: 11.4 | U5: 16.4 | V5: 11.4 | W5: 11.4 | X5: 35.6 | Y5: 11.4 | Z5: 11.4 | AA5: 11.4 | AB5: 11.4 | AC5: 8.3 | AD5: 11.4 | AE5: 7.1 | AF5: 31.7 | AG5: 9.6 | AH5: 11.4 | AI5: 8.8 | AJ5: 32.7 | AK5: 15.4 | AL5: 11.4 | AM5: 35.6 | AN5: 11.4 | AO5: 9.8 | AP5: 12.2 | AQ5: 11.4 | AR5: 12.3 | AS5: 8.3 | AT5: 13.2 | AU5: 8.5 | AV5: 11.4 | AW5: 14.6 | AX5: 13.3 | AY5: 13 | AZ5: 35.6 | BA5: 38.8 | BB5: 16.3 | BC5: 38.8 | BD5: 41.5 | BE5: 39.5 | BF5: 16.3 | BG5: 14 | BH5: 11.4 | BI5: 12.4 | BJ5: 17.3 | BK5: 16.3
A6: offwind-dc | B6: 165.3 | C6: 136.7 | D6: 152.3 | E6: 157.8 | F6: 159.5 | G6: 137.7 | H6: 165.4 | I6: 154.3 | J6: 153.3 | K6: 164.7 | L6: 138.4 | M6: 142.8 | N6: 170.4 | O6: 125.5 | P6: 116.2 | Q6: 123.4 | R6: 167 | S6: 173.3 | T6: 149.4 | U6: 135.8 | V6: 153.2 | W6: 155.2 | X6: 147.2 | Y6: 120.3 | Z6: 148.4 | AA6: 150 | AB6: 142.9 | AC6: 131.7 | AD6: 144.4 | AE6: 133.4 | AF6: 118.1 | AG6: 153.9 | AH6: 160.9 | AI6: 126.7 | AJ6: 146.6 | AK6: 126.1 | AL6: 174.8 | AM6: 148.5 | AN6: 166.2 | AO6: 141.6 | AP6: 107.7 | AQ6: 137.9 | AR6: 117.7 | AS6: 116.8 | AT6: 138.2 | AU6: 168 | AV6: 116.2 | AW6: 120 | AX6: 150.7 | AY6: 166.7 | AZ6: 135 | BA6: 137 | BB6: 132 | BC6: 167.2 | BD6: 185.4 | BE6: 119.9 | BF6: 161.4 | BG6: 168.2 | BH6: 122.4 | BI6: 159.4 | BJ6: 129.1 | BK6: 131.2
A7: oil | B7: 1.1 | C7: 10.5 | D7: 7.9 | E7: 13.5 | F7: 7.4 | G7: 13.6 | H7: 95.5 | I7: 7.1 | J7: 23.6 | K7: 16.6 | L7: 1.4 | M7: 56.5 | N7: 3 | O7: 5.3 | P7: 2.9 | Q7: 0 | R7: 7.5 | S7: 29.4 | T7: 1.7 | U7: 25.3 | V7: 6.9 | W7: 14.5 | X7: 11.8 | Y7: 6.7 | Z7: 0.1 | AA7: 21.8 | AB7: 44 | AC7: 14.4 | AD7: 0.6 | AE7: 0 | AF7: 1.7 | AG7: 12.6 | AH7: 22.6 | AI7: 10.4 | AJ7: 11.3 | AK7: 2.3 | AL7: 2.4 | AM7: 0.4 | AN7: 0.2 | AO7: 0.3 | AP7: 39.8 | AQ7: 0 | AR7: 10.6 | AS7: 3.5 | AT7: 0.4 | AU7: 44 | AV7: 17.1 | AW7: 0 | AX7: 2.6 | AY7: 23.3 | AZ7: 20.2 | BA7: 21.2 | BB7: 9.8 | BC7: 13.9 | BD7: 6.1 | BE7: 0 | BF7: 4.9 | BG7: 16.1 | BH7: 2 | BI7: 0 | BJ7: 14.8 | BK7: 7.9
A8: coal | B8: 0 | C8: 0 | D8: 0 | E8: 0 | F8: 0 | G8: 0 | H8: 0 | I8: 0 | J8: 0 | K8: 0 | L8: 0 | M8: 0 | N8: 0 | O8: 0 | P8: 0 | Q8: 0 | R8: 0 | S8: 0 | T8: 0 | U8: 0 | V8: 0 | W8: 0 | X8: 0 | Y8: 0 | Z8: 0 | AA8: 0 | AB8: 0 | AC8: 0 | AD8: 0 | AE8: 0 | AF8: 0 | AG8: 0 | AH8: 0 | AI8: 0 | AJ8: 0 | AK8: 0 | AL8: 0 | AM8: 0 | AN8: 0 | AO8: 0 | AP8: 0 | AQ8: 0 | AR8: 0 | AS8: 0 | AT8: 0 | AU8: 0 | AV8: 0 | AW8: 0 | AX8: 0 | AY8: 0 | AZ8: 0 | BA8: 0 | BB8: 0 | BC8: 0 | BD8: 0 | BE8: 0 | BF8: 0 | BG8: 0 | BH8: 0 | BI8: 0 | BJ8: 0 | BK8: 0
A9: lignite | B9: 0 | C9: 0 | D9: 0 | E9: 0 | F9: 0 | G9: 0 | H9: 0 | I9: 0 | J9: 0 | K9: 0 | L9: 0 | M9: 0 | N9: 0 | O9: 0 | P9: 0 | Q9: 0 | R9: 0 | S9: 0 | T9: 0 | U9: 0 | V9: 0 | W9: 0 | X9: 0 | Y9: 0 | Z9: 0 | AA9: 0 | AB9: 0 | AC9: 0 | AD9: 0 | AE9: 0 | AF9: 0 | AG9: 0 | AH9: 0 | AI9: 0 | AJ9: 0 | AK9: 0 | AL9: 0 | AM9: 0 | AN9: 0 | AO9: 0 | AP9: 0 | AQ9: 0 | AR9: 0 | AS9: 0 | AT9: 0 | AU9: 0 | AV9: 0 | AW9: 0 | AX9: 0 | AY9: 0 | AZ9: 0 | BA9: 0 | BB9: 0 | BC9: 0 | BD9: 0 | BE9: 0 | BF9: 0 | BG9: 0 | BH9: 0 | BI9: 0 | BJ9: 0 | BK9: 0
A10: onwind | B10: 2206.8 | C10: 1937.9 | D10: 1940.8 | E10: 1953.4 | F10: 1872.2 | G10: 2188.2 | H10: 2078.9 | I10: 1910.1 | J10: 1933.5 | K10: 2044.8 | L10: 2006.6 | M10: 2052.1 | N10: 2061.1 | O10: 1861.4 | P10: 1939.4 | Q10: 1803.2 | R10: 1882.5 | S10: 1943 | T10: 2084.9 | U10: 2138.2 | V10: 2000.3 | W10: 2072.8 | X10: 1773.5 | Y10: 1907.2 | Z10: 1862.6 | AA10: 1990.5 | AB10: 1944.2 | AC10: 2143.4 | AD10: 1988.2 | AE10: 1765.4 | AF10: 1689.3 | AG10: 1935.4 | AH10: 2066.7 | AI10: 1893 | AJ10: 1785.8 | AK10: 1872.9 | AL10: 2133.6 | AM10: 1726.4 | AN10: 1921.3 | AO10: 1937.9 | AP10: 1713.7 | AQ10: 1961.9 | AR10: 1838.6 | AS10: 1964.6 | AT10: 1925.6 | AU10: 1754.5 | AV10: 1760.1 | AW10: 1775.1 | AX10: 1954 | AY10: 1962.4 | AZ10: 2151.8 | BA10: 1750.2 | BB10: 2003.5 | BC10: 1915.3 | BD10: 1664.4 | BE10: 1719.6 | BF10: 1689.9 | BG10: 1840.9 | BH10: 1859.3 | BI10: 1864.1 | BJ10: 1700 | BK10: 1823.1
A11: hydro | B11: 101.1 | C11: 101.1 | D11: 101.1 | E11: 101.1 | F11: 101.1 | G11: 101.1 | H11: 101.1 | I11: 101.1 | J11: 101.1 | K11: 101.1 | L11: 101.1 | M11: 101.1 | N11: 101.1 | O11: 101.1 | P11: 101.1 | Q11: 101.1 | R11: 101.1 | S11: 101.1 | T11: 101.1 | U11: 101.1 | V11: 101.1 | W11: 101.1 | X11: 101.1 | Y11: 101.1 | Z11: 101.1 | AA11: 101.1 | AB11: 101.1 | AC11: 101.1 | AD11: 101.1 | AE11: 101.1 | AF11: 101.1 | AG11: 101.1 | AH11: 101.1 | AI11: 101.1 | AJ11: 101.1 | AK11: 101.1 | AL11: 101.1 | AM11: 101.1 | AN11: 101.1 | AO11: 101.1 | AP11: 101.1 | AQ11: 101.1 | AR11: 101.1 | AS11: 101.1 | AT11: 101.1 | AU11: 101.1 | AV11: 101.1 | AW11: 101.1 | AX11: 101.1 | AY11: 101.1 | AZ11: 101.1 | BA11: 101.1 | BB11: 101.1 | BC11: 101.1 | BD11: 101.1 | BE11: 101.1 | BF11: 101.1 | BG11: 101.1 | BH11: 101.1 | BI11: 101.1 | BJ11: 101.1 | BK11: 101.1
A12: ror | B12: 0.8 | C12: 0.8 | D12: 0.8 | E12: 0.8 | F12: 0.8 | G12: 0.8 | H12: 0.8 | I12: 0.8 | J12: 0.8 | K12: 0.8 | L12: 0.8 | M12: 0.8 | N12: 0.8 | O12: 0.8 | P12: 0.8 | Q12: 0.8 | R12: 0.8 | S12: 0.8 | T12: 0.8 | U12: 0.8 | V12: 0.8 | W12: 0.8 | X12: 0.8 | Y12: 0.8 | Z12: 0.8 | AA12: 0.8 | AB12: 0.8 | AC12: 0.8 | AD12: 0.8 | AE12: 0.8 | AF12: 0.8 | AG12: 0.8 | AH12: 0.8 | AI12: 0.8 | AJ12: 0.8 | AK12: 0.8 | AL12: 0.8 | AM12: 0.8 | AN12: 0.8 | AO12: 0.8 | AP12: 0.8 | AQ12: 0.8 | AR12: 0.8 | AS12: 0.8 | AT12: 0.8 | AU12: 0.8 | AV12: 0.8 | AW12: 0.8 | AX12: 0.8 | AY12: 0.8 | AZ12: 0.8 | BA12: 0.8 | BB12: 0.8 | BC12: 0.8 | BD12: 0.8 | BE12: 0.8 | BF12: 0.8 | BG12: 0.8 | BH12: 0.8 | BI12: 0.8 | BJ12: 0.8 | BK12: 0.8
... A35: PHS | B35: 54.3 | C35: 54.3 | D35: 54.3 | E35: 54.3 | F35: 54.3 | G35: 54.3 | H35: 54.3 | I35: 54.3 | J35: 54.3 | K35: 54.3 | L35: 54.3 | M35: 54.3 | N35: 54.3 | O35: 54.3 | P35: 54.3 | Q35: 54.3 | R35: 54.3 | S35: 54.3 | T35: 54.3 | U35: 54.3 | V35: 54.3 | W35: 54.3 | X35: 54.3 | Y35: 54.3 | Z35: 54.3 | AA35: 54.3 | AB35: 54.3 | AC35: 54.3 | AD35: 54.3 | AE35: 54.3 | AF35: 54.3 | AG35: 54.3 | AH35: 54.3 | AI35: 54.3 | AJ35: 54.3 | AK35: 54.3 | AL35: 54.3 | AM35: 54.3 | AN35: 54.3 | AO35: 54.3 | AP35: 54.3 | AQ35: 54.3 | AR35: 54.3 | AS35: 54.3 | AT35: 54.3 | AU35: 54.3 | AV35: 54.3 | AW35: 54.3 | AX35: 54.3 | AY35: 54.3 | AZ35: 54.3 | BA35: 54.3 | BB35: 54.3 | BC35: 54.3 | BD35: 54.3 | BE35: 54.3 | BF35: 54.3 | BG35: 54.3 | BH35: 54.3 | BI35: 54.3 | BJ35: 54.3 | BK35: 54.3
A37: Total power capacity | B37: =SUM(B2:B18) -> 6181.2 | C37: =SUM(C2:C18) -> 5980.2 | D37: =SUM(D2:D18) -> 5877.7 | E37: =SUM(E2:E18) -> 6486.2 | F37: =SUM(F2:F18) -> 6199 | G37: =SUM(G2:G18) -> 5832.6 | H37: =SUM(H2:H18) -> 6062 | I37: =SUM(I2:I18) -> 5835.3 | ... BK37: =SUM(BK2:BK18) -> 6355.2
A38: Total VRE capacity | B38: =B5+B6+B10+B13+B14 -> 5912.2 | C38: =C5+C6+C10+C13+C14 -> 5738.8 | D38: =D5+D6+D10+D13+D14 -> 5585.9 | E38: =E5+E6+E10+E13+E14 -> 6219 | F38: =F5+F6+F10+F13+F14 -> 5941.5 | G38: =G5+G6+G10+G13+G14 -> 5578.2 | H38: =H5+H6+H10+H13+H14 -> 5685.3 | I38: =I5+I6+I10+I13+I14 -> 5560.5 | ... BK38: =BK5+BK6+BK10+BK13+BK14 -> 6094.2
A39: Electricity storage | B39: =B21+B35 -> 226.2 | C39: =C21+C35 -> 332.6 | D39: =D21+D35 -> 294.3 | E39: =E21+E35 -> 319.7 | F39: =F21+F35 -> 365.1 | G39: =G21+G35 -> 278.7 | H39: =H21+H35 -> 270.8 | I39: =I21+I35 -> 319.2 | ... BK39: =BK21+BK35 -> 315.8
A41: Electricity storage (utility/stationary) to total power | B41: =B39/B37 -> 0.036594836 | C41: =C39/C37 -> 0.055616869 | D41: =D39/D37 -> 0.050070606 | E41: =E39/E37 -> 0.04928926 | F41: =F39/F37 -> 0.058896596 | G41: =G39/G37 -> 0.04778315 | H41: =H39/H37 -> 0.044671726 | I41: =I39/I37 -> 0.054701558 | ... BK41: =BK39/BK37 -> 0.049691591
A42: Electricity storage (mobbile/V2G) to total power | B42: =B20/B37 -> 0.34857309 | C42: =C20/C37 -> 0.36028895 | D42: =D20/D37 -> 0.36657196 | E42: =E20/E37 -> 0.33218217 | F42: =F20/F37 -> 0.34757219 | G42: =G20/G37 -> 0.36940644 | H42: =H20/H37 -> 0.35542725 | I42: =I20/I37 -> 0.36923551 | ... BK42: =BK20/BK37 -> 0.33902946
A43: Hydrogen electrolysers to total | B43: =B23/B37 -> 0.13639746 | C43: =C23/C37 -> 0.14359052 | D43: =D23/D37 -> 0.14509077 | E43: =E23/E37 -> 0.13195708 | F43: =F23/F37 -> 0.14355541 | G43: =G23/G37 -> 0.14561259 | H43: =H23/H37 -> 0.14409436 | I43: =I23/I37 -> 0.14083252 | ... BK43: =BK23/BK37 -> 0.14016868
A44: Share of VRE from total capacity | B44: =B38/B37 -> 0.95648094 | C44: =C38/C37 -> 0.95963346 | D44: =D38/D37 -> 0.95035473 | E44: =E38/E37 -> 0.95880485 | F44: =F38/F37 -> 0.95846104 | G44: =G38/G37 -> 0.95638309 | H44: =H38/H37 -> 0.93785879 | I44: =I38/I37 -> 0.95290731 | ... BK44: =BK38/BK37 -> 0.95893127
A46: Peak demand | B46: 7008.5255 | C46: 7217.7556 | D46: 6951.9975 | E46: 7291.2224 | F46: 7112.2856 | G46: 7049.283 | H46: 7118.4449 | I46: 7030.9079 | J46: 7361.7049 | K46: 6994.9018 | L46: 7142.2191 | M46: 7163.624 | N46: 7026.1315 | O46: 7260.465 | P46: 6637.4681 | Q46: 7062.5332 | R46: 7262.1941 | S46: 7033.5603 | T46: 6998.5276 | U46: 6984.8968 | V46: 7061.2148 | W46: 6949.5876 | X46: 7257.1031 | Y46: 6864.8042 | Z46: 6893.1496 | AA46: 7125.8049 | AB46: 6931.2408 | AC46: 7266.276 | AD46: 6742.4194 | AE46: 6782.6034 | AF46: 6867.3416 | AG46: 7044.3429 | AH46: 6860.5078 | AI46: 7156.3278 | AJ46: 7011.7328 | AK46: 7117.5864 | AL46: 7097.8448 | AM46: 7467.9418 | AN46: 6732.0512 | AO46: 6912.2992 | AP46: 6985.5229 | AQ46: 6963.5497 | AR46: 7124.2837 | AS46: 7006.3114 | AT46: 7155.4394 | AU46: 7170.479 | AV46: 7092.4912 | AW46: 6792.9037 | AX46: 6990.1964 | AY46: 7123.2492 | AZ46: 7256.7326 | BA46: 6969.1103 | BB46: 6923.6003 | BC46: 7216.5897 | BD46: 7129.6248 | BE46: 6799.2615 | BF46: 7130.4643 | BG46: 6860.6288 | BH46: 7009.52 | BI46: 6709.4131 | BJ46: 6760.2887 | BK46: 7399.0928
A47: Electricity storage to peak demand | B47: =B21/B46 -> 0.024527271 | C47: =C21/C46 -> 0.038557692 | D47: =D21/D46 -> 0.034522452 | E47: =E21/E46 -> 0.036399932 | F47: =F21/F46 -> 0.043699033 | G47: =G21/G46 -> 0.031833025 | H47: =H21/H46 -> 0.030413946 | I47: =I21/I46 -> 0.0376765 | ... BK47: =BK21/BK46 -> 0.035342171
A49: Total electricity generation (TWh) | B49: 9938.35 | C49: 9990.6853 | D49: 10013.113 | E49: 10177.145 | F49: 10089.442 | G49: 9975.8851 | H49: 10075.5 | I49: 10125.401 | J49: 10125.021 | K49: 10035.518 | L49: 10052.664 | M49: 9929.5145 | N49: 9941.7635 | O49: 9972.6278 | P49: 9912.8267 | Q49: 9870.6095 | R49: 9932.8554 | S49: 10063.831 | T49: 10025.775 | U49: 10088.572 | V49: 10046.457 | W49: 9966.3698 | X49: 10124.115 | Y49: 9949.0618 | Z49: 9891.7553 | AA49: 10200.501 | AB49: 10084.627 | AC49: 10127.367 | AD49: 9897.3606 | AE49: 9880.0295 | AF49: 9934.33 | AG49: 10214.055 | AH49: 10025.871 | AI49: 10154.646 | AJ49: 10039.811 | AK49: 10155.308 | AL49: 10326.104 | AM49: 10088.199 | AN49: 10045.556 | AO49: 9882.1356 | AP49: 9793.7184 | AQ49: 9959.6662 | AR49: 9942.3436 | AS49: 9965.4317 | AT49: 10038.826 | AU49: 10016.017 | AV49: 10040.38 | AW49: 9767.3421 | AX49: 9914.809 | AY49: 9989.9185 | AZ49: 10259.558 | BA49: 9853.1531 | BB49: 10036.824 | BC49: 10047.539 | BD49: 9684.973 | BE49: 9786.3717 | BF49: 9790.5893 | BG49: 9880.7172 | BH49: 9829.7003 | BI49: 9759.0853 | BJ49: 9714.8935 | BK49: 9933.5041
A50: Total VRE electricity generation (TWh) | B50: 9245.0637 | C50: 9405.3474 | D50: 9356.4497 | E50: 9349.0712 | F50: 9262.6078 | G50: 9352.0039 | H50: 9333.9811 | I50: 9542.9029 | J50: 9220.5061 | K50: 9326.2999 | L50: 9371.362 | M50: 9242.7525 | N50: 8854.61 | O50: 9253.7372 | P50: 9288.467 | Q50: 9176.569 | R50: 9255.398 | S50: 9358.4031 | T50: 9350.9172 | U50: 9479.796 | V50: 9381.9988 | W50: 9368.5897 | X50: 9400.3478 | Y50: 9410.5309 | Z50: 9152.2679 | AA50: 9491.8528 | AB50: 9521.2584 | AC50: 9361.0248 | AD50: 9300.3981 | AE50: 9283.8133 | AF50: 9351.6519 | AG50: 9557.6265 | AH50: 9391.2586 | AI50: 9564.2349 | AJ50: 9427.327 | AK50: 9492.6428 | AL50: 9500.216 | AM50: 9322.2262 | AN50: 9421.0748 | AO50: 9284.9252 | AP50: 9176.6679 | AQ50: 9265.0521 | AR50: 9237.5491 | AS50: 9425.782 | AT50: 9371.5863 | AU50: 9429.5331 | AV50: 9422.5008 | AW50: 9153.3354 | AX50: 9301.306 | AY50: 9273.2614 | AZ50: 9503.8574 | BA50: 9275.1708 | BB50: 9454.4802 | BC50: 9323.5464 | BD50: 8917.379 | BE50: 9146.4397 | BF50: 9061.4128 | BG50: 9323.1869 | BH50: 9202.1496 | BI50: 9241.3795 | BJ50: 9078.9665 | BK50: 9193.1442
A51: Share of VRE in total generation | B51: =B50/B49 -> 0.93024131 | C51: =C50/C49 -> 0.94141163 | D51: =D50/D49 -> 0.93441963 | E51: =E50/E49 -> 0.91863402 | F51: =F50/F49 -> 0.91804953 | G51: =G50/G49 -> 0.93746108 | H51: =H50/H49 -> 0.92640375 | I51: =I50/I49 -> 0.94247163 | ... BK51: =BK50/BK49 -> 0.9254684
A52: Share of solar in total generation | B52: =B13/B49 -> 0.30247476 | C52: =C13/C49 -> 0.31419266 | D52: =D13/D49 -> 0.29637136 | E52: =E13/E49 -> 0.35225008 | F52: =F13/F49 -> 0.33545957 | G52: =G13/G49 -> 0.27386041 | H52: =H13/H49 -> 0.28887896 | I52: =I13/I49 -> 0.29417107 | ... BK52: =BK13/BK49 -> 0.36388972

Sheet summary
A1: tech | B1: Min | C1: Average | D1: Max
A2: CCGT | B2: =MIN(pypsa!B2:BK2) -> 0 | C2: =AVERAGE(pypsa!B2:BK2) -> 0.15806452 | D2: =MAX(pypsa!B2:BK2) -> 1
A3: OCGT | B3: =MIN(pypsa!B3:BK3) -> 8.2 | C3: =AVERAGE(pypsa!B3:BK3) -> 35.843548 | D3: =MAX(pypsa!B3:BK3) -> 84.9
A4: nuclear | B4: =MIN(pypsa!B4:BK4) -> 0.2 | C4: =AVERAGE(pypsa!B4:BK4) -> 11.929032 | D4: =MAX(pypsa!B4:BK4) -> 63.9
A5: offwind-ac | B5: =MIN(pypsa!B5:BK5) -> 7.1 | C5: =AVERAGE(pypsa!B5:BK5) -> 17.117742 | D5: =MAX(pypsa!B5:BK5) -> 41.5
A6: offwind-dc | B6: =MIN(pypsa!B6:BK6) -> 107.7 | C6: =AVERAGE(pypsa!B6:BK6) -> 144.63548 | D6: =MAX(pypsa!B6:BK6) -> 185.4
A7: oil | B7: =MIN(pypsa!B7:BK7) -> 0 | C7: =AVERAGE(pypsa!B7:BK7) -> 12.467742 | D7: =MAX(pypsa!B7:BK7) -> 95.5
A8: coal | B8: =MIN(pypsa!B8:BK8) -> 0 | C8: =AVERAGE(pypsa!B8:BK8) -> 0 | D8: =MAX(pypsa!B8:BK8) -> 0
A9: lignite | B9: =MIN(pypsa!B9:BK9) -> 0 | C9: =AVERAGE(pypsa!B9:BK9) -> 0 | D9: =MAX(pypsa!B9:BK9) -> 0
A10: onwind | B10: =MIN(pypsa!B10:BK10) -> 1664.4 | C10: =AVERAGE(pypsa!B10:BK10) -> 1916.8065 | D10: =MAX(pypsa!B10:BK10) -> 2206.8
A11: hydro | B11: =MIN(pypsa!B11:BK11) -> 101.1 | C11: =AVERAGE(pypsa!B11:BK11) -> 101.1 | D11: =MAX(pypsa!B11:BK11) -> 101.1
A12: ror | B12: =MIN(pypsa!B12:BK12) -> 0.8 | C12: =AVERAGE(pypsa!B12:BK12) -> 0.8 | D12: =MAX(pypsa!B12:BK12) -> 0.8
A13: solar | B13: =MIN(pypsa!B13:BK13) -> 2593.4 | C13: =AVERAGE(pypsa!B13:BK13) -> 3191.8097 | D13: =MAX(pypsa!B13:BK13) -> 3718.1
... A46: Peak demand | B46: =MIN(pypsa!B46:BK46) -> 6637.4681 | C46: =AVERAGE(pypsa!B46:BK46) -> 7039.0255 | D46: =MAX(pypsa!B46:BK46) -> 7467.9418
A47: Electricity storage to peak demand | B47: =MIN(pypsa!B47:BK47) -> 0.023996135 | C47: =AVERAGE(pypsa!B47:BK47) -> 0.035772722 | D47: =MAX(pypsa!B47:BK47) -> 0.047061575 | E47: =MEDIAN(pypsa!B47:BK47) -> 0.034549445
A49: Total electricity generation (TWh) | B49: =MIN(pypsa!B49:BK49) -> 9684.973 | C49: =AVERAGE(pypsa!B49:BK49) -> 9989.9374 | D49: =MAX(pypsa!B49:BK49) -> 10326.104
A50: Total VRE electricity generation (TWh) | B50: =MIN(pypsa!B50:BK50) -> 8854.61 | C50: =AVERAGE(pypsa!B50:BK50) -> 9319.1806 | D50: =MAX(pypsa!B50:BK50) -> 9564.2349
A51: Share of VRE in total generation | B51: =MIN(pypsa!B51:BK51) -> 0.89064782 | C51: =AVERAGE(pypsa!B51:BK51) -> 0.93287934 | D51: =MAX(pypsa!B51:BK51) -> 0.9469514 | E51: =MEDIAN(pypsa!B51:BK51) -> 0.93448033
A52: Share of solar in total generation | B52: =MIN(pypsa!B52:BK52) -> 0.25867078 | C52: =AVERAGE(pypsa!B52:BK52) -> 0.31950697 | D52: =MAX(pypsa!B52:BK52) -> 0.374002
